method,p-pre,p-rec,p-f,n-pre,n-rec,n-f,acc
sample,0.9852243664264124,1.0,0.9924218933521258,1.0,0.9947368421052631,0.9972972972972973,0.9899875853507139
